{
  "accuracy": [
    0.9364625811576843,
    0.9998639225959778,
    1.0,
    1.0,
    1.0,
    1.0,
    1.0,
    1.0,
    0.9994558095932007,
    1.0,
    1.0,
    1.0,
    1.0,
    1.0,
    1.0,
    1.0,
    1.0,
    1.0,
    1.0,
    1.0,
    1.0,
    1.0,
    1.0,
    1.0,
    1.0,
    1.0,
    1.0,
    1.0,
    1.0,
    1.0,
    1.0,
    1.0,
    1.0,
    1.0,
    1.0,
    1.0,
    1.0,
    1.0,
    1.0,
    1.0,
    1.0,
    1.0,
    1.0,
    1.0,
    1.0,
    1.0,
    1.0,
    1.0,
    1.0,
    1.0
  ],
  "loss": [
    0.16420361399650574,
    0.0017892580945044756,
    0.0006981235928833485,
    0.0003169505507685244,
    0.0001312525855610147,
    0.0001187708621728234,
    8.918098319554701e-05,
    5.166005212231539e-05,
    0.0014328103279694915,
    0.00010952592856483534,
    3.247521453886293e-05,
    2.5096127501456067e-05,
    2.959318044304382e-05,
    1.6292204236378893e-05,
    1.1654910849756561e-05,
    8.60115687828511e-06,
    9.52349819272058e-06,
    5.7604311223258264e-06,
    6.273343387874775e-06,
    6.297073014138732e-06,
    5.192867320147343e-06,
    1.4411953998205718e-05,
    1.0208596904703882e-05,
    6.0196057347639e-06,
    2.8107333491789177e-06,
    2.509414343876415e-06,
    2.5689662379591027e-06,
    2.622745114422287e-06,
    2.734840109042125e-06,
    1.7248617041332182e-06,
    1.970772700587986e-06,
    2.4858356937329518e-06,
    3.3290343708358705e-06,
    1.7153467979369452e-06,
    2.4241437586169923e-06,
    2.0255617982911645e-06,
    1.7748467371347942e-06,
    2.178158183596679e-06,
    2.4932328415161464e-06,
    3.087095592491096e-06,
    2.446211510687135e-06,
    3.4688816867856076e-06,
    2.8337897219898878e-06,
    2.1279265638440847e-06,
    1.7962482843358885e-06,
    2.8764657145075034e-06,
    2.1671885406249203e-06,
    2.0740505988214863e-06,
    1.9193257685401477e-06,
    2.8683605250989785e-06
  ],
  "val_accuracy": [
    0.3333333432674408,
    0.45206350088119507,
    0.528253972530365,
    0.5968254208564758,
    0.7193650603294373,
    0.8577777743339539,
    0.9403174519538879,
    0.9701587557792664,
    0.9720634818077087,
    0.9974603056907654,
    0.9980952143669128,
    0.9987301826477051,
    0.9987301826477051,
    0.9987301826477051,
    1.0,
    1.0,
    1.0,
    1.0,
    1.0,
    1.0,
    1.0,
    1.0,
    1.0,
    1.0,
    1.0,
    1.0,
    1.0,
    1.0,
    1.0,
    1.0,
    1.0,
    1.0,
    1.0,
    1.0,
    1.0,
    1.0,
    1.0,
    1.0,
    1.0,
    1.0,
    1.0,
    1.0,
    1.0,
    1.0,
    1.0,
    1.0,
    1.0,
    1.0,
    1.0,
    1.0
  ],
  "val_loss": [
    1.3769561052322388,
    1.251091480255127,
    1.1782524585723877,
    1.129007339477539,
    0.8611299991607666,
    0.43503817915916443,
    0.18965183198451996,
    0.07749167084693909,
    0.09360117465257645,
    0.011590921320021152,
    0.006485319696366787,
    0.003795142285525799,
    0.0018754437332972884,
    0.0012815231457352638,
    0.0002450831816531718,
    6.249616126297042e-05,
    1.3260021660244092e-05,
    3.7305599107639864e-06,
    1.5717107544332976e-06,
    6.264178296078171e-07,
    4.5347042032517493e-07,
    2.406778776276042e-07,
    2.2304124058791786e-07,
    1.5311394463424222e-07,
    1.5508145168041665e-07,
    1.5031332623038907e-07,
    1.450908939659712e-07,
    1.4425835104248108e-07,
    1.4039855500413978e-07,
    1.422149011887086e-07,
    1.4244183432765567e-07,
    1.4160934824758442e-07,
    1.4289607008777239e-07,
    1.428202693887215e-07,
    1.3222471295648575e-07,
    1.310893651407241e-07,
    1.3169479018415586e-07,
    1.3214891225743486e-07,
    1.3252723363166297e-07,
    1.3108900986935623e-07,
    1.3199716875078593e-07,
    1.3411630561677157e-07,
    1.3721918890041707e-07,
    1.3623517247651762e-07,
    1.3532695675166906e-07,
    1.3275382571009686e-07,
    1.3267811027617427e-07,
    1.3033191237354913e-07,
    1.2889390177406312e-07,
    1.28439836544203e-07
  ],
  "learning_rate": [
    9.999999747378752e-05,
    9.999999747378752e-05,
    9.999999747378752e-05,
    9.999999747378752e-05,
    9.999999747378752e-05,
    9.999999747378752e-05,
    9.999999747378752e-05,
    9.999999747378752e-05,
    9.999999747378752e-05,
    9.999999747378752e-05,
    9.999999747378752e-05,
    9.999999747378752e-05,
    9.999999747378752e-05,
    9.999999747378752e-05,
    9.999999747378752e-05,
    9.999999747378752e-05,
    9.999999747378752e-05,
    9.999999747378752e-05,
    9.999999747378752e-05,
    9.999999747378752e-05,
    4.999999873689376e-05,
    4.999999873689376e-05,
    4.999999873689376e-05,
    4.999999873689376e-05,
    2.499999936844688e-05,
    2.499999936844688e-05,
    2.499999936844688e-05,
    2.499999936844688e-05,
    1.249999968422344e-05,
    1.249999968422344e-05,
    1.249999968422344e-05,
    1.249999968422344e-05,
    6.24999984211172e-06,
    6.24999984211172e-06,
    6.24999984211172e-06,
    6.24999984211172e-06,
    3.12499992105586e-06,
    3.12499992105586e-06,
    3.12499992105586e-06,
    3.12499992105586e-06,
    1.56249996052793e-06,
    1.56249996052793e-06,
    1.56249996052793e-06,
    1.56249996052793e-06,
    7.81249980263965e-07,
    7.81249980263965e-07,
    7.81249980263965e-07,
    7.81249980263965e-07,
    3.906249901319825e-07,
    3.906249901319825e-07
  ]
}